trial_id,domain,v_level,v_magnitude,psi_direction,model,repetition,ssc,ssc_p,sp,sp_p,tau_preservation,n_found,n_total,n_sentences,isc,isc_p,osd,ri,pd
S1_V0_none_claude-sonnet_rep0,S1,V0,0,none,claude-sonnet,0,0.0687,0.345995,-0.2694,0.25065,1.0,20,20,41,-0.0663,0.363541,0.2932,0.5684,0.0
S1_V0_none_claude-sonnet_rep1,S1,V0,0,none,claude-sonnet,1,0.0903,0.215151,-0.4792,0.032537,1.0,20,20,41,0.055,0.451036,0.3671,0.4105,0.0
S1_V0_none_claude-sonnet_rep2,S1,V0,0,none,claude-sonnet,2,-0.0174,0.812174,-0.2088,0.376973,1.0,20,20,41,0.2349,0.001106,0.3408,0.3895,0.0
S1_V0_none_claude-sonnet_rep3,S1,V0,0,none,claude-sonnet,3,0.0426,0.559635,-0.6105,0.004248,1.0,20,20,41,0.232,0.001281,0.3182,0.6316,0.0
S1_V0_none_claude-sonnet_rep4,S1,V0,0,none,claude-sonnet,4,0.1265,0.082009,-0.2747,0.241168,1.0,20,20,41,0.0603,0.408282,0.3213,0.5895,0.0
S1_V0_none_gpt-4o_rep0,S1,V0,0,none,gpt-4o,0,0.106,0.145639,-0.4264,0.060814,1.0,20,20,41,0.0065,0.929599,0.3224,0.2632,0.0
S1_V0_none_gpt-4o_rep1,S1,V0,0,none,gpt-4o,1,0.0454,0.534256,-0.2198,0.351746,1.0,20,20,41,0.0526,0.471293,0.3605,0.2211,0.0
S1_V0_none_gpt-4o_rep2,S1,V0,0,none,gpt-4o,2,0.2406,0.000828,0.0663,0.781112,1.0,20,20,41,0.1562,0.031437,0.3555,0.4737,0.0
S1_V0_none_gpt-4o_rep3,S1,V0,0,none,gpt-4o,3,0.0026,0.971872,-0.6287,0.002985,1.0,20,20,41,-0.0856,0.240023,0.3083,0.5263,0.0
S1_V0_none_gpt-4o_rep4,S1,V0,0,none,gpt-4o,4,0.2996,2.7e-05,0.0,1.0,1.0,20,20,41,0.1102,0.130188,0.28,0.5579,0.0
S1_V1_none_claude-sonnet_rep0,S1,V1,1,none,claude-sonnet,0,0.1396,0.054725,-0.6195,0.003576,1.0,20,20,26,0.5304,0.0,0.4761,0.8947,0.0
S1_V1_none_claude-sonnet_rep1,S1,V1,1,none,claude-sonnet,1,0.1448,0.046254,-0.6068,0.004558,1.0,20,20,19,0.3683,0.0,0.4776,0.8316,0.0
S1_V1_none_claude-sonnet_rep2,S1,V1,1,none,claude-sonnet,2,0.0602,0.409317,-0.7768,5.6e-05,1.0,20,20,24,0.2068,0.004196,0.4508,0.8632,0.0
S1_V1_none_claude-sonnet_rep3,S1,V1,1,none,claude-sonnet,3,0.1711,0.018293,-0.7015,0.000568,1.0,20,20,24,0.3892,0.0,0.4704,0.8211,0.0
S1_V1_none_claude-sonnet_rep4,S1,V1,1,none,claude-sonnet,4,0.0759,0.298145,-0.6259,0.003155,0.9643,20,20,25,0.491,0.0,0.4268,0.8842,0.0
S1_V1_none_gpt-4o_rep0,S1,V1,1,none,gpt-4o,0,0.2736,0.000134,-0.4418,0.051155,0.9643,20,20,20,0.3677,0.0,0.5075,0.9053,0.0
S1_V1_none_gpt-4o_rep1,S1,V1,1,none,gpt-4o,1,0.1784,0.013805,-0.5071,0.02248,0.9643,20,20,20,0.4486,0.0,0.4789,0.9474,0.0
S1_V1_none_gpt-4o_rep2,S1,V1,1,none,gpt-4o,2,0.1783,0.013826,-0.5278,0.01677,0.9286,20,20,21,0.2679,0.000186,0.4882,0.9684,0.0
S1_V1_none_gpt-4o_rep3,S1,V1,1,none,gpt-4o,3,0.2202,0.002269,-0.4357,0.054856,1.0,20,20,20,0.1644,0.023379,0.4487,0.3895,0.0
S1_V1_none_gpt-4o_rep4,S1,V1,1,none,gpt-4o,4,0.2606,0.000283,-0.4205,0.064843,0.9286,20,20,18,0.4717,0.0,0.4924,0.8842,0.0
S1_V2_causal_claude-sonnet_rep0,S1,V2,2,causal,claude-sonnet,0,0.0413,0.571874,-0.5054,0.023015,0.7857,18,20,19,0.2278,0.004633,0.5214,0.8737,0.4756
S1_V2_causal_claude-sonnet_rep1,S1,V2,2,causal,claude-sonnet,1,0.1045,0.151162,-0.2369,0.314619,0.9643,19,20,3,0.9913,0.0,0.5923,0.7263,0.493
S1_V2_causal_claude-sonnet_rep2,S1,V2,2,causal,claude-sonnet,2,0.0221,0.761774,-0.6166,0.003785,1.0,20,20,10,0.0,1.0,0.0,0.9895,0.4656
S1_V2_causal_claude-sonnet_rep3,S1,V2,2,causal,claude-sonnet,3,0.097,0.183022,-0.4937,0.026961,1.0,20,20,7,0.9895,0.0,0.4567,0.9579,0.4738
S1_V2_causal_claude-sonnet_rep4,S1,V2,2,causal,claude-sonnet,4,0.0629,0.388549,-0.4943,0.02673,0.8929,20,20,16,0.6235,0.0,0.3999,0.9474,0.4908
S1_V2_causal_gpt-4o_rep0,S1,V2,2,causal,gpt-4o,0,0.2127,0.003215,-0.02,0.93325,1.0,20,20,44,0.1619,0.025659,0.4159,0.8632,0.317
S1_V2_causal_gpt-4o_rep1,S1,V2,2,causal,gpt-4o,1,0.2882,5.5e-05,-0.411,0.071857,1.0,20,20,74,0.2513,0.00047,0.3996,0.8737,0.3225
S1_V2_causal_gpt-4o_rep2,S1,V2,2,causal,gpt-4o,2,0.3194,7e-06,-0.3967,0.083291,1.0,20,20,51,0.2211,0.002172,0.4584,0.9789,0.3875
S1_V2_causal_gpt-4o_rep3,S1,V2,2,causal,gpt-4o,3,0.2699,0.000166,-0.3951,0.084725,0.9643,20,20,74,0.1538,0.034165,0.4327,0.9895,0.2649
S1_V2_causal_gpt-4o_rep4,S1,V2,2,causal,gpt-4o,4,0.3155,9e-06,-0.3818,0.096673,0.9643,20,20,67,0.1213,0.095574,0.3904,0.9368,0.309
S1_V2_practical_claude-sonnet_rep0,S1,V2,2,practical,claude-sonnet,0,0.3092,1.4e-05,-0.0571,0.811043,0.8571,20,20,32,0.7481,0.0,0.3135,0.8316,0.5963
S1_V2_practical_claude-sonnet_rep1,S1,V2,2,practical,claude-sonnet,1,0.2765,0.000113,0.1437,0.54558,0.8571,20,20,18,0.0,1.0,0.3818,0.8947,0.5303
S1_V2_practical_claude-sonnet_rep2,S1,V2,2,practical,claude-sonnet,2,0.1852,0.010539,0.0779,0.74419,0.9643,20,20,28,0.5699,0.0,0.415,0.5895,0.5793
S1_V2_practical_claude-sonnet_rep3,S1,V2,2,practical,claude-sonnet,3,0.3949,0.0,-0.0263,0.912227,0.9643,20,20,15,0.0,1.0,0.2832,0.8632,0.5475
S1_V2_practical_claude-sonnet_rep4,S1,V2,2,practical,claude-sonnet,4,0.3059,1.8e-05,0.2381,0.312089,0.9643,20,20,19,0.7277,0.0,0.3506,0.9474,0.5797
S1_V2_practical_gpt-4o_rep0,S1,V2,2,practical,gpt-4o,0,0.2991,2.8e-05,0.0898,0.706638,0.9643,20,20,60,0.1261,0.083088,0.279,0.7263,0.322
S1_V2_practical_gpt-4o_rep1,S1,V2,2,practical,gpt-4o,1,0.2483,0.00055,0.0574,0.810158,1.0,20,20,57,0.2509,0.00048,0.2651,0.7895,0.3166
S1_V2_practical_gpt-4o_rep2,S1,V2,2,practical,gpt-4o,2,0.2751,0.000122,-0.0977,0.681913,0.4286,19,20,33,0.2403,0.001548,0.3231,0.9474,0.4476
S1_V2_practical_gpt-4o_rep3,S1,V2,2,practical,gpt-4o,3,0.2702,0.000163,0.0599,0.801969,1.0,20,20,62,0.2689,0.000176,0.2717,0.6421,0.3069
S1_V2_practical_gpt-4o_rep4,S1,V2,2,practical,gpt-4o,4,0.258,0.000326,0.1659,0.484518,1.0,20,20,59,0.3022,2.3e-05,0.2938,0.8632,0.3297
S1_V2_historical_claude-sonnet_rep0,S1,V2,2,historical,claude-sonnet,0,0.0,1.0,0.0,1.0,1.0,20,20,9,0.0,1.0,0.2848,0.9474,0.5618
S1_V2_historical_claude-sonnet_rep1,S1,V2,2,historical,claude-sonnet,1,0.1876,0.009527,-0.5714,0.00849,0.8929,20,20,33,0.1829,0.01152,0.4031,0.8316,0.5545
S1_V2_historical_claude-sonnet_rep2,S1,V2,2,historical,claude-sonnet,2,0.2918,4.4e-05,-0.2478,0.292112,1.0,20,20,14,0.5377,0.0,0.395,0.7263,0.5673
S1_V2_historical_claude-sonnet_rep3,S1,V2,2,historical,claude-sonnet,3,0.1989,0.005941,-0.5368,0.014682,0.9286,20,20,32,0.1822,0.011847,0.3805,1.0,0.555
S1_V2_historical_claude-sonnet_rep4,S1,V2,2,historical,claude-sonnet,4,0.1528,0.035335,-0.6802,0.000966,0.7857,20,20,35,0.0389,0.594032,0.3568,0.9053,0.5813
S1_V2_historical_gpt-4o_rep0,S1,V2,2,historical,gpt-4o,0,0.2038,0.004808,-0.5937,0.005784,0.9286,20,20,40,0.0226,0.757453,0.5114,0.8737,0.3192
S1_V2_historical_gpt-4o_rep1,S1,V2,2,historical,gpt-4o,1,0.2522,0.000447,-0.5293,0.016407,0.9286,20,20,42,0.0598,0.41249,0.4889,0.8316,0.3403
S1_V2_historical_gpt-4o_rep2,S1,V2,2,historical,gpt-4o,2,0.1811,0.012386,-0.557,0.010738,0.8571,20,20,42,0.0224,0.758749,0.5067,0.7789,0.4598
S1_V2_historical_gpt-4o_rep3,S1,V2,2,historical,gpt-4o,3,0.1873,0.009664,-0.5357,0.014907,0.9643,20,20,42,0.0924,0.204624,0.4997,0.9158,0.2671
S1_V2_historical_gpt-4o_rep4,S1,V2,2,historical,gpt-4o,4,0.2682,0.000183,-0.4576,0.042504,0.9286,20,20,40,0.2761,0.000115,0.4996,0.9474,0.3358
S1_V2_formal_claude-sonnet_rep0,S1,V2,2,formal,claude-sonnet,0,0.0828,0.25583,-0.5708,0.008578,0.9643,20,20,13,1.0,0.0,0.3832,0.7263,0.5
S1_V2_formal_claude-sonnet_rep1,S1,V2,2,formal,claude-sonnet,1,0.1358,0.061769,-0.4825,0.031201,0.7857,20,20,24,0.1773,0.02836,0.3476,0.9684,0.5093
S1_V2_formal_claude-sonnet_rep2,S1,V2,2,formal,claude-sonnet,2,0.1896,0.008787,-0.4129,0.070414,1.0,20,20,21,0.7628,0.0,0.3892,0.8316,0.5187
S1_V2_formal_claude-sonnet_rep3,S1,V2,2,formal,claude-sonnet,3,0.2033,0.004904,-0.4537,0.044509,1.0,20,20,10,0.0,1.0,0.2794,0.7789,0.4936
S1_V2_formal_claude-sonnet_rep4,S1,V2,2,formal,claude-sonnet,4,0.1885,0.009191,-0.5496,0.012066,0.9643,20,20,9,1.0,0.0,0.5959,0.8842,0.501
S1_V2_formal_gpt-4o_rep0,S1,V2,2,formal,gpt-4o,0,0.1244,0.087152,-0.8173,1.1e-05,1.0,20,20,58,0.1762,0.015025,0.4046,0.9789,0.2802
S1_V2_formal_gpt-4o_rep1,S1,V2,2,formal,gpt-4o,1,0.1868,0.009863,-0.7419,0.000181,1.0,20,20,47,0.1807,0.012574,0.4255,0.6105,0.2734
S1_V2_formal_gpt-4o_rep2,S1,V2,2,formal,gpt-4o,2,0.1416,0.051324,-0.8043,1.9e-05,1.0,20,20,30,0.2306,0.001373,0.4392,0.8211,0.3812
S1_V2_formal_gpt-4o_rep3,S1,V2,2,formal,gpt-4o,3,0.1889,0.009064,-0.7014,0.000568,1.0,20,20,57,0.3095,1.4e-05,0.3569,0.9158,0.2437
S1_V2_formal_gpt-4o_rep4,S1,V2,2,formal,gpt-4o,4,0.1908,0.008354,-0.7662,8.2e-05,1.0,20,20,58,0.3425,1e-06,0.3898,0.9368,0.2699
S1_V3_causal_claude-sonnet_rep0,S1,V3,3,causal,claude-sonnet,0,0.0508,0.486129,-0.48,0.032222,0.6429,17,20,48,0.0349,0.686707,0.4215,0.9474,0.4802
S1_V3_causal_claude-sonnet_rep1,S1,V3,3,causal,claude-sonnet,1,-0.0685,0.347594,-0.7007,0.000579,0.9286,19,20,24,0.6644,0.0,0.4477,0.9684,0.3848
S1_V3_causal_claude-sonnet_rep2,S1,V3,3,causal,claude-sonnet,2,0.2291,0.001475,-0.1698,0.474188,0.7857,18,20,37,0.5171,0.0,0.4024,0.9158,0.3459
S1_V3_causal_claude-sonnet_rep3,S1,V3,3,causal,claude-sonnet,3,0.153,0.03503,-0.3784,0.099961,0.75,17,20,31,0.7207,0.0,0.4197,0.6211,0.4299
S1_V3_causal_claude-sonnet_rep4,S1,V3,3,causal,claude-sonnet,4,0.0961,0.187399,-0.2712,0.247462,0.6429,15,20,36,0.1235,0.209337,0.3786,0.9263,0.3725
S1_V3_causal_gpt-4o_rep0,S1,V3,3,causal,gpt-4o,0,0.3029,2.2e-05,-0.5329,0.015544,0.9643,20,20,37,0.4803,0.0,0.4832,0.9474,0.2697
S1_V3_causal_gpt-4o_rep1,S1,V3,3,causal,gpt-4o,1,0.308,1.5e-05,-0.5438,0.013192,1.0,20,20,39,0.3047,1.9e-05,0.493,0.8211,0.3208
S1_V3_causal_gpt-4o_rep2,S1,V3,3,causal,gpt-4o,2,0.3713,0.0,-0.4133,0.070078,0.9286,20,20,41,0.2619,0.000262,0.4505,0.8,0.347
S1_V3_causal_gpt-4o_rep3,S1,V3,3,causal,gpt-4o,3,0.3009,2.5e-05,-0.4627,0.039941,0.9286,20,20,39,0.4166,0.0,0.4968,0.6211,0.3215
S1_V3_causal_gpt-4o_rep4,S1,V3,3,causal,gpt-4o,4,0.3028,2.2e-05,-0.5329,0.015544,0.9643,20,20,40,0.4178,0.0,0.4567,0.7895,0.3348
S1_V3_practical_claude-sonnet_rep0,S1,V3,3,practical,claude-sonnet,0,0.2445,0.000675,-0.247,0.293769,0.8571,18,20,33,0.5924,0.0,0.2869,0.7895,0.5063
S1_V3_practical_claude-sonnet_rep1,S1,V3,3,practical,claude-sonnet,1,0.257,0.000344,0.1782,0.452272,0.4643,17,20,35,0.1583,0.065729,0.2657,0.9684,0.4318
S1_V3_practical_claude-sonnet_rep2,S1,V3,3,practical,claude-sonnet,2,0.1517,0.036715,-0.4428,0.050577,0.7857,20,20,30,0.3824,0.0,0.3508,0.8737,0.3436
S1_V3_practical_claude-sonnet_rep3,S1,V3,3,practical,claude-sonnet,3,0.1828,0.011606,-0.135,0.570482,0.7143,16,20,30,0.2995,0.000891,0.4023,0.8737,0.4542
S1_V3_practical_claude-sonnet_rep4,S1,V3,3,practical,claude-sonnet,4,0.0815,0.263391,-0.4576,0.04247,0.5357,18,20,33,0.1271,0.140189,0.3051,0.9474,0.4693
S1_V3_practical_gpt-4o_rep0,S1,V3,3,practical,gpt-4o,0,0.2035,0.00486,-0.1657,0.48505,0.9286,20,20,38,0.4167,0.0,0.3808,0.9579,0.2707
S1_V3_practical_gpt-4o_rep1,S1,V3,3,practical,gpt-4o,1,0.3623,0.0,0.1974,0.404178,0.6429,16,20,27,0.2916,0.001233,0.3292,0.8842,0.3941
S1_V3_practical_gpt-4o_rep2,S1,V3,3,practical,gpt-4o,2,-0.03,0.681428,0.1389,0.559089,0.4643,12,20,31,0.3215,0.00848,0.4094,0.9579,0.4206
S1_V3_practical_gpt-4o_rep3,S1,V3,3,practical,gpt-4o,3,0.312,1.2e-05,0.2622,0.264071,0.9286,19,20,30,0.669,0.0,0.3838,0.8526,0.3131
S1_V3_practical_gpt-4o_rep4,S1,V3,3,practical,gpt-4o,4,0.2577,0.000332,0.2908,0.213525,0.6071,17,20,24,0.4216,0.0,0.3135,0.9684,0.448
S1_V3_historical_claude-sonnet_rep0,S1,V3,3,historical,claude-sonnet,0,0.271,0.000155,-0.4198,0.065376,0.8571,20,20,52,0.2249,0.001813,0.3432,0.8842,0.5424
S1_V3_historical_claude-sonnet_rep1,S1,V3,3,historical,claude-sonnet,1,0.2376,0.000963,-0.4518,0.045523,0.6786,16,20,31,0.4656,0.0,0.3548,0.9684,0.4732
S1_V3_historical_claude-sonnet_rep2,S1,V3,3,historical,claude-sonnet,2,0.1482,0.041354,-0.5734,0.00821,0.8571,20,20,56,0.1042,0.152691,0.3973,0.9895,0.498
S1_V3_historical_claude-sonnet_rep3,S1,V3,3,historical,claude-sonnet,3,0.0933,0.200224,-0.6993,0.000601,0.7857,20,20,48,0.1443,0.047055,0.4074,0.9474,0.5352
S1_V3_historical_claude-sonnet_rep4,S1,V3,3,historical,claude-sonnet,4,0.0568,0.436219,-0.3741,0.104199,0.7143,20,20,52,0.0816,0.263163,0.3991,0.9368,0.4254
S1_V3_historical_gpt-4o_rep0,S1,V3,3,historical,gpt-4o,0,0.1472,0.042693,-0.5136,0.020539,0.9286,20,20,42,0.0378,0.604184,0.4584,0.9579,0.2774
S1_V3_historical_gpt-4o_rep1,S1,V3,3,historical,gpt-4o,1,0.2402,0.000843,-0.4478,0.047694,0.8571,18,20,29,0.1342,0.098045,0.5017,0.8,0.3447
S1_V3_historical_gpt-4o_rep2,S1,V3,3,historical,gpt-4o,2,0.2295,0.001445,-0.533,0.015535,0.8929,20,20,39,0.2943,3.8e-05,0.4035,0.8,0.3283
S1_V3_historical_gpt-4o_rep3,S1,V3,3,historical,gpt-4o,3,0.273,0.000138,-0.5035,0.02363,0.9286,20,20,37,0.1569,0.030633,0.465,0.9895,0.3195
S1_V3_historical_gpt-4o_rep4,S1,V3,3,historical,gpt-4o,4,0.1486,0.040747,-0.4868,0.029499,0.7857,19,20,25,0.0568,0.460911,0.4718,0.9158,0.3668
S1_V3_formal_claude-sonnet_rep0,S1,V3,3,formal,claude-sonnet,0,0.1356,0.062217,-0.2022,0.392671,0.8929,19,20,26,0.8907,0.0,0.443,1.0,0.4757
S1_V3_formal_claude-sonnet_rep1,S1,V3,3,formal,claude-sonnet,1,0.1776,0.014222,-0.6163,0.003807,0.7143,18,20,30,0.7545,0.0,0.3457,0.8211,0.4213
S1_V3_formal_claude-sonnet_rep2,S1,V3,3,formal,claude-sonnet,2,0.1777,0.014157,-0.144,0.544703,0.8214,19,20,15,0.9734,0.0,0.5316,0.8526,0.3769
S1_V3_formal_claude-sonnet_rep3,S1,V3,3,formal,claude-sonnet,3,0.1635,0.024188,-0.301,0.197245,0.7143,18,20,28,0.4957,0.0,0.3726,0.9474,0.5301
S1_V3_formal_claude-sonnet_rep4,S1,V3,3,formal,claude-sonnet,4,0.0061,0.933771,-0.0924,0.698337,0.5357,18,20,25,0.5626,0.0,0.4619,0.9579,0.4539
S1_V3_formal_gpt-4o_rep0,S1,V3,3,formal,gpt-4o,0,0.1593,0.02813,-0.5025,0.023936,0.9286,20,20,31,0.7802,0.0,0.4461,0.9263,0.2004
S1_V3_formal_gpt-4o_rep1,S1,V3,3,formal,gpt-4o,1,0.1197,0.100091,-0.4879,0.029092,0.8571,20,20,30,0.6355,0.0,0.4163,0.8211,0.2417
S1_V3_formal_gpt-4o_rep2,S1,V3,3,formal,gpt-4o,2,0.4043,0.0,0.3467,0.134271,0.9643,19,20,31,0.6295,0.0,0.4094,0.9158,0.3506
S1_V3_formal_gpt-4o_rep3,S1,V3,3,formal,gpt-4o,3,0.4067,0.0,0.112,0.638213,0.9643,20,20,30,0.527,0.0,0.3435,0.8947,0.2897
S1_V3_formal_gpt-4o_rep4,S1,V3,3,formal,gpt-4o,4,0.3193,7e-06,0.2236,0.343399,0.9643,19,20,27,0.7483,0.0,0.4757,0.9474,0.332
S2_V0_none_claude-sonnet_rep0,S2,V0,0,none,claude-sonnet,0,0.1439,0.047663,-0.2636,0.261537,1.0,20,20,41,0.0269,0.712604,0.3838,0.3368,0.0
S2_V0_none_claude-sonnet_rep1,S2,V0,0,none,claude-sonnet,1,-0.1486,0.040765,-0.2334,0.322088,1.0,20,20,41,-0.0903,0.215167,0.3203,0.4316,0.0
S2_V0_none_claude-sonnet_rep2,S2,V0,0,none,claude-sonnet,2,-0.0723,0.321783,-0.3081,0.186267,1.0,20,20,41,0.0331,0.650717,0.3405,0.1368,0.0
S2_V0_none_claude-sonnet_rep3,S2,V0,0,none,claude-sonnet,3,0.0271,0.710082,-0.2489,0.290028,1.0,20,20,41,0.1519,0.036469,0.3337,0.2842,0.0
S2_V0_none_claude-sonnet_rep4,S2,V0,0,none,claude-sonnet,4,0.2784,0.0001,-0.1759,0.458279,1.0,20,20,41,0.0917,0.208344,0.353,0.2737,0.0
S2_V0_none_gpt-4o_rep0,S2,V0,0,none,gpt-4o,0,0.0724,0.321031,-0.4363,0.054445,1.0,20,20,41,0.2017,0.005258,0.3369,0.3474,0.0
S2_V0_none_gpt-4o_rep1,S2,V0,0,none,gpt-4o,1,0.0023,0.974512,-0.2541,0.279724,1.0,20,20,41,-0.0962,0.186942,0.3285,0.4316,0.0
S2_V0_none_gpt-4o_rep2,S2,V0,0,none,gpt-4o,2,0.0829,0.255563,-0.2183,0.355054,1.0,20,20,41,0.3756,0.0,0.3906,0.2947,0.0
S2_V0_none_gpt-4o_rep3,S2,V0,0,none,gpt-4o,3,0.0071,0.922904,-0.2301,0.329022,1.0,20,20,41,-0.0091,0.901081,0.3565,0.4737,0.0
S2_V0_none_gpt-4o_rep4,S2,V0,0,none,gpt-4o,4,-0.0075,0.918003,0.0469,0.84446,1.0,20,20,41,-0.0559,0.443767,0.3429,0.4,0.0
S2_V1_none_claude-sonnet_rep0,S2,V1,1,none,claude-sonnet,0,0.4324,0.0,-0.5201,0.018727,1.0,20,20,16,0.61,0.0,0.5631,0.9895,0.0
S2_V1_none_claude-sonnet_rep1,S2,V1,1,none,claude-sonnet,1,0.4949,0.0,-0.5391,0.014179,1.0,20,20,20,0.6093,0.0,0.5285,0.8421,0.0
S2_V1_none_claude-sonnet_rep2,S2,V1,1,none,claude-sonnet,2,0.47,0.0,-0.4805,0.031991,0.9615,20,20,21,0.4774,0.0,0.5097,0.8842,0.0
S2_V1_none_claude-sonnet_rep3,S2,V1,1,none,claude-sonnet,3,0.4503,0.0,-0.4949,0.026523,0.9231,20,20,19,0.5657,0.0,0.5117,0.8842,0.0
S2_V1_none_claude-sonnet_rep4,S2,V1,1,none,claude-sonnet,4,0.5117,0.0,-0.4558,0.043436,1.0,20,20,20,0.4534,0.0,0.5254,0.9579,0.0
S2_V1_none_gpt-4o_rep0,S2,V1,1,none,gpt-4o,0,0.4184,0.0,-0.4027,0.078318,1.0,20,20,14,0.4778,0.0,0.543,0.9474,0.0
S2_V1_none_gpt-4o_rep1,S2,V1,1,none,gpt-4o,1,0.3577,0.0,-0.4435,0.050142,0.9615,20,20,17,0.5373,0.0,0.5425,0.8316,0.0
S2_V1_none_gpt-4o_rep2,S2,V1,1,none,gpt-4o,2,0.3831,0.0,-0.4734,0.034985,0.9231,20,20,16,0.5064,0.0,0.544,1.0,0.0
S2_V1_none_gpt-4o_rep3,S2,V1,1,none,gpt-4o,3,0.3848,0.0,-0.4471,0.048079,0.9615,20,20,18,0.498,0.0,0.5483,0.8316,0.0
S2_V1_none_gpt-4o_rep4,S2,V1,1,none,gpt-4o,4,0.3522,1e-06,-0.4698,0.036598,1.0,20,20,17,0.5014,0.0,0.5633,0.8632,0.0
S2_V2_causal_claude-sonnet_rep0,S2,V2,2,causal,claude-sonnet,0,0.5103,0.0,-0.4309,0.057839,1.0,20,20,16,0.8103,0.0,0.5417,0.9579,0.4682
S2_V2_causal_claude-sonnet_rep1,S2,V2,2,causal,claude-sonnet,1,0.4578,0.0,-0.4152,0.068665,1.0,20,20,18,0.719,0.0,0.5218,0.8947,0.4788
S2_V2_causal_claude-sonnet_rep2,S2,V2,2,causal,claude-sonnet,2,0.2001,0.005628,-0.3196,0.169549,1.0,20,20,9,1.0,0.0,0.4622,0.7368,0.4391
S2_V2_causal_claude-sonnet_rep3,S2,V2,2,causal,claude-sonnet,3,0.3493,1e-06,-0.5153,0.020047,1.0,20,20,10,0.7265,0.0,0.539,0.8842,0.4926
S2_V2_causal_claude-sonnet_rep4,S2,V2,2,causal,claude-sonnet,4,0.5032,0.0,-0.4737,0.034875,1.0,20,20,18,0.8209,0.0,0.5077,0.8632,0.4905
S2_V2_causal_gpt-4o_rep0,S2,V2,2,causal,gpt-4o,0,0.4448,0.0,-0.4964,0.026001,0.9615,20,20,34,0.6691,0.0,0.5773,0.8105,0.4372
S2_V2_causal_gpt-4o_rep1,S2,V2,2,causal,gpt-4o,1,0.4337,0.0,-0.4555,0.043561,1.0,20,20,55,0.5705,0.0,0.5941,0.8737,0.4282
S2_V2_causal_gpt-4o_rep2,S2,V2,2,causal,gpt-4o,2,0.3848,0.0,-0.4663,0.038242,1.0,20,20,39,0.5326,0.0,0.6135,0.9789,0.4825
S2_V2_causal_gpt-4o_rep3,S2,V2,2,causal,gpt-4o,3,0.2182,0.002491,0.087,0.715253,1.0,20,20,29,0.1064,0.143884,0.5493,0.9895,0.424
S2_V2_causal_gpt-4o_rep4,S2,V2,2,causal,gpt-4o,4,0.5097,0.0,-0.2485,0.290785,1.0,20,20,63,0.3773,0.0,0.4954,0.9895,0.4044
S2_V2_practical_claude-sonnet_rep0,S2,V2,2,practical,claude-sonnet,0,0.4272,0.0,-0.319,0.170365,1.0,20,20,19,0.4886,0.0,0.381,0.8842,0.5801
S2_V2_practical_claude-sonnet_rep1,S2,V2,2,practical,claude-sonnet,1,0.1193,0.100996,-0.0521,0.827248,1.0,20,20,16,0.0,1.0,0.417,0.8211,0.5986
S2_V2_practical_claude-sonnet_rep2,S2,V2,2,practical,claude-sonnet,2,0.3208,6e-06,-0.2601,0.268012,1.0,20,20,10,0.0,1.0,0.4026,0.9684,0.5387
S2_V2_practical_claude-sonnet_rep3,S2,V2,2,practical,claude-sonnet,3,0.1674,0.020961,-0.3,0.19877,1.0,20,20,21,0.3847,0.0,0.3522,0.7895,0.5756
S2_V2_practical_claude-sonnet_rep4,S2,V2,2,practical,claude-sonnet,4,0.4064,0.0,-0.4318,0.057306,1.0,20,20,9,0.0,1.0,0.4291,0.9053,0.5538
S2_V2_practical_gpt-4o_rep0,S2,V2,2,practical,gpt-4o,0,0.1179,0.105239,-0.3782,0.10017,0.5385,20,20,29,0.0421,0.564106,0.4311,0.6,0.504
S2_V2_practical_gpt-4o_rep1,S2,V2,2,practical,gpt-4o,1,0.438,0.0,-0.5501,0.011965,0.8462,20,20,25,0.5243,0.0,0.4776,0.8737,0.4851
S2_V2_practical_gpt-4o_rep2,S2,V2,2,practical,gpt-4o,2,0.2356,0.001065,-0.2876,0.21885,0.4615,20,20,32,0.1786,0.013661,0.3383,0.9895,0.5258
S2_V2_practical_gpt-4o_rep3,S2,V2,2,practical,gpt-4o,3,0.3807,0.0,-0.3582,0.120987,0.9615,20,20,25,0.6868,0.0,0.4903,0.9895,0.4404
S2_V2_practical_gpt-4o_rep4,S2,V2,2,practical,gpt-4o,4,0.3714,0.0,-0.307,0.188024,0.5769,20,20,22,0.4246,0.0,0.3788,0.7368,0.5251
S2_V2_historical_claude-sonnet_rep0,S2,V2,2,historical,claude-sonnet,0,0.0,1.0,0.0,1.0,1.0,20,20,5,0.0,1.0,0.5559,0.5895,0.5719
S2_V2_historical_claude-sonnet_rep1,S2,V2,2,historical,claude-sonnet,1,0.0,1.0,0.0,1.0,1.0,20,20,7,0.0,1.0,0.4856,0.8632,0.6086
S2_V2_historical_claude-sonnet_rep2,S2,V2,2,historical,claude-sonnet,2,0.0,1.0,0.0,1.0,1.0,20,20,5,0.0,1.0,0.5101,0.8211,0.5117
S2_V2_historical_claude-sonnet_rep3,S2,V2,2,historical,claude-sonnet,3,0.1528,0.035319,0.1378,0.562233,0.7308,20,20,25,0.3871,0.0,0.4521,0.9684,0.5813
S2_V2_historical_claude-sonnet_rep4,S2,V2,2,historical,claude-sonnet,4,0.1042,0.152647,0.0415,0.862004,1.0,20,20,31,0.2414,0.000792,0.4698,0.7053,0.6414
S2_V2_historical_gpt-4o_rep0,S2,V2,2,historical,gpt-4o,0,0.4462,0.0,-0.456,0.043329,0.8077,20,20,44,0.4472,0.0,0.5321,0.9158,0.476
S2_V2_historical_gpt-4o_rep1,S2,V2,2,historical,gpt-4o,1,0.2445,0.000675,-0.4091,0.0733,0.8077,20,20,43,0.418,0.0,0.5325,0.9684,0.4423
S2_V2_historical_gpt-4o_rep2,S2,V2,2,historical,gpt-4o,2,0.2602,0.000288,-0.1943,0.411658,0.6538,20,20,42,0.4874,0.0,0.5473,0.6105,0.5416
S2_V2_historical_gpt-4o_rep3,S2,V2,2,historical,gpt-4o,3,0.2567,0.00035,-0.2023,0.392429,0.7308,20,20,42,0.5221,0.0,0.5273,0.8737,0.5068
S2_V2_historical_gpt-4o_rep4,S2,V2,2,historical,gpt-4o,4,0.3697,0.0,-0.4212,0.064403,0.6923,20,20,43,0.2838,7.2e-05,0.5174,0.4737,0.4481
S2_V2_formal_claude-sonnet_rep0,S2,V2,2,formal,claude-sonnet,0,0.2503,0.000495,-0.4543,0.044194,0.9231,19,20,20,0.8057,0.0,0.4633,0.7579,0.5161
S2_V2_formal_claude-sonnet_rep1,S2,V2,2,formal,claude-sonnet,1,0.2927,4.2e-05,-0.5614,0.010007,1.0,20,20,10,0.8497,0.0,0.5627,0.9474,0.5669
S2_V2_formal_claude-sonnet_rep2,S2,V2,2,formal,claude-sonnet,2,0.0,1.0,0.0,1.0,1.0,20,20,18,0.0,1.0,0.3261,0.9789,0.4333
S2_V2_formal_claude-sonnet_rep3,S2,V2,2,formal,claude-sonnet,3,0.157,0.030537,-0.4142,0.069428,1.0,20,20,17,0.0,1.0,0.2659,0.8316,0.5652
S2_V2_formal_claude-sonnet_rep4,S2,V2,2,formal,claude-sonnet,4,0.3778,0.0,-0.182,0.442396,1.0,20,20,21,0.3148,1e-05,0.3668,0.9789,0.582
S2_V2_formal_gpt-4o_rep0,S2,V2,2,formal,gpt-4o,0,0.0,1.0,0.0,1.0,1.0,20,20,30,0.0,1.0,0.5074,0.8526,0.4534
S2_V2_formal_gpt-4o_rep1,S2,V2,2,formal,gpt-4o,1,0.0,1.0,0.0,1.0,1.0,20,20,21,0.0,1.0,0.496,0.9053,0.4547
S2_V2_formal_gpt-4o_rep2,S2,V2,2,formal,gpt-4o,2,0.0,1.0,0.0,1.0,1.0,20,20,17,0.0,1.0,0.5358,0.9895,0.4551
S2_V2_formal_gpt-4o_rep3,S2,V2,2,formal,gpt-4o,3,0.0,1.0,0.0,1.0,1.0,20,20,28,0.0,1.0,0.5147,0.9263,0.394
S2_V2_formal_gpt-4o_rep4,S2,V2,2,formal,gpt-4o,4,0.0,1.0,0.0,1.0,1.0,20,20,25,0.0,1.0,0.5531,1.0,0.4791
S2_V3_causal_claude-sonnet_rep0,S2,V3,3,causal,claude-sonnet,0,0.3984,0.0,-0.2639,0.260846,0.9615,20,20,43,0.553,0.0,0.5306,0.8105,0.3774
S2_V3_causal_claude-sonnet_rep1,S2,V3,3,causal,claude-sonnet,1,0.1359,0.06163,-0.2802,0.231446,0.8462,20,20,33,0.3861,0.0,0.5072,0.8105,0.4698
S2_V3_causal_claude-sonnet_rep2,S2,V3,3,causal,claude-sonnet,2,0.44,0.0,-0.3881,0.090845,0.9615,20,20,38,0.4764,0.0,0.512,0.9053,0.432
S2_V3_causal_claude-sonnet_rep3,S2,V3,3,causal,claude-sonnet,3,0.2611,0.000274,-0.2738,0.242746,0.7308,16,20,40,0.5365,0.0,0.4915,0.9368,0.3541
S2_V3_causal_claude-sonnet_rep4,S2,V3,3,causal,claude-sonnet,4,0.2545,0.000395,-0.1045,0.660922,0.9231,19,20,37,0.3676,1e-06,0.4799,0.7474,0.3423
S2_V3_causal_gpt-4o_rep0,S2,V3,3,causal,gpt-4o,0,0.3191,7e-06,-0.5405,0.013873,1.0,20,20,47,0.4394,0.0,0.5881,0.9368,0.3209
S2_V3_causal_gpt-4o_rep1,S2,V3,3,causal,gpt-4o,1,0.471,0.0,-0.3528,0.127089,0.8462,20,20,48,0.5602,0.0,0.6113,0.8737,0.3586
S2_V3_causal_gpt-4o_rep2,S2,V3,3,causal,gpt-4o,2,0.444,0.0,-0.3789,0.099467,1.0,20,20,50,0.5766,0.0,0.5702,0.9789,0.2609
S2_V3_causal_gpt-4o_rep3,S2,V3,3,causal,gpt-4o,3,0.4657,0.0,-0.3701,0.108269,0.9231,20,20,52,0.5372,0.0,0.613,0.7895,0.3029
S2_V3_causal_gpt-4o_rep4,S2,V3,3,causal,gpt-4o,4,0.4863,0.0,-0.4802,0.032113,0.9615,20,20,45,0.6169,0.0,0.5862,0.9053,0.3033
S2_V3_practical_claude-sonnet_rep0,S2,V3,3,practical,claude-sonnet,0,0.3923,0.0,-0.2856,0.222207,0.3846,16,20,31,0.5178,0.0,0.4102,0.5579,0.4181
S2_V3_practical_claude-sonnet_rep1,S2,V3,3,practical,claude-sonnet,1,0.2894,5.1e-05,-0.3111,0.181875,0.3846,17,20,31,0.6444,0.0,0.3465,0.6421,0.4804
S2_V3_practical_claude-sonnet_rep2,S2,V3,3,practical,claude-sonnet,2,0.2494,0.000521,-0.1868,0.430267,0.7692,18,20,44,0.3414,0.000136,0.3002,0.7158,0.5092
S2_V3_practical_claude-sonnet_rep3,S2,V3,3,practical,claude-sonnet,3,0.2618,0.000264,-0.3799,0.098539,0.4231,13,20,26,0.7,0.0,0.4241,0.7895,0.3704
S2_V3_practical_claude-sonnet_rep4,S2,V3,3,practical,claude-sonnet,4,0.2638,0.000235,0.0263,0.912272,0.8077,17,20,36,0.2416,0.0046,0.4293,0.9053,0.4204
S2_V3_practical_gpt-4o_rep0,S2,V3,3,practical,gpt-4o,0,0.1563,0.031332,-0.1558,0.511781,0.7308,19,20,31,0.5012,0.0,0.402,0.8737,0.5213
S2_V3_practical_gpt-4o_rep1,S2,V3,3,practical,gpt-4o,1,0.1958,0.006795,-0.0682,0.775225,0.3846,16,20,29,0.1235,0.179151,0.4,0.8,0.5638
S2_V3_practical_gpt-4o_rep2,S2,V3,3,practical,gpt-4o,2,0.3123,1.2e-05,-0.2411,0.305859,0.5769,19,20,24,0.7516,0.0,0.3598,0.8737,0.3875
S2_V3_practical_gpt-4o_rep3,S2,V3,3,practical,gpt-4o,3,0.2258,0.001735,-0.417,0.067342,1.0,20,20,41,0.1109,0.127523,0.4525,0.8211,0.4625
S2_V3_practical_gpt-4o_rep4,S2,V3,3,practical,gpt-4o,4,0.4147,0.0,-0.5455,0.012858,0.6538,20,20,28,0.5829,0.0,0.4565,0.7684,0.4404
S2_V3_historical_claude-sonnet_rep0,S2,V3,3,historical,claude-sonnet,0,0.2293,0.001461,-0.1676,0.480138,0.7308,20,20,44,0.2328,0.001228,0.4037,0.8,0.4564
S2_V3_historical_claude-sonnet_rep1,S2,V3,3,historical,claude-sonnet,1,0.3118,1.2e-05,-0.3534,0.126428,0.5,18,20,52,0.2086,0.009674,0.423,0.9789,0.5861
S2_V3_historical_claude-sonnet_rep2,S2,V3,3,historical,claude-sonnet,2,0.2463,0.000614,-0.1317,0.579969,0.8462,20,20,45,0.3737,0.0,0.4361,0.7053,0.6768
S2_V3_historical_claude-sonnet_rep3,S2,V3,3,historical,claude-sonnet,3,0.3559,0.0,-0.4338,0.056036,0.9615,20,20,36,0.3963,0.0,0.4757,0.9368,0.4888
S2_V3_historical_claude-sonnet_rep4,S2,V3,3,historical,claude-sonnet,4,0.4476,0.0,-0.4532,0.044753,0.9615,20,20,34,0.125,0.085649,0.436,0.8737,0.479
S2_V3_historical_gpt-4o_rep0,S2,V3,3,historical,gpt-4o,0,0.3968,0.0,-0.4269,0.060492,0.8077,20,20,28,0.5529,0.0,0.4974,0.7789,0.3037
S2_V3_historical_gpt-4o_rep1,S2,V3,3,historical,gpt-4o,1,0.3166,9e-06,-0.46,0.041264,1.0,20,20,37,0.3113,1.2e-05,0.4964,0.6632,0.3857
S2_V3_historical_gpt-4o_rep2,S2,V3,3,historical,gpt-4o,2,0.4125,0.0,-0.4012,0.079556,0.7692,20,20,38,0.4963,0.0,0.5675,0.8632,0.2759
S2_V3_historical_gpt-4o_rep3,S2,V3,3,historical,gpt-4o,3,0.3249,5e-06,-0.4548,0.043937,0.8846,20,20,41,0.4359,0.0,0.545,0.8211,0.3223
S2_V3_historical_gpt-4o_rep4,S2,V3,3,historical,gpt-4o,4,0.3946,0.0,-0.4281,0.0597,0.9615,20,20,47,0.4651,0.0,0.4896,0.8526,0.3053
S2_V3_formal_claude-sonnet_rep0,S2,V3,3,formal,claude-sonnet,0,0.4371,0.0,-0.3342,0.149763,0.9615,20,20,35,0.5011,0.0,0.4227,0.9474,0.4386
S2_V3_formal_claude-sonnet_rep1,S2,V3,3,formal,claude-sonnet,1,0.1898,0.008731,-0.295,0.206653,1.0,20,20,33,0.5354,0.0,0.4162,0.9684,0.5074
S2_V3_formal_claude-sonnet_rep2,S2,V3,3,formal,claude-sonnet,2,0.2387,0.000909,-0.295,0.206653,0.8077,17,20,29,0.8659,0.0,0.4134,0.5474,0.4757
S2_V3_formal_claude-sonnet_rep3,S2,V3,3,formal,claude-sonnet,3,0.288,5.6e-05,-0.3213,0.167236,0.7308,20,20,22,0.4409,0.0,0.4208,0.9053,0.4312
S2_V3_formal_claude-sonnet_rep4,S2,V3,3,formal,claude-sonnet,4,0.278,0.000103,-0.4304,0.058208,1.0,20,20,32,0.2224,0.002044,0.3569,0.9263,0.388
S2_V3_formal_gpt-4o_rep0,S2,V3,3,formal,gpt-4o,0,0.4567,0.0,-0.251,0.28569,0.9231,19,20,30,0.5732,0.0,0.5112,0.9684,0.3608
S2_V3_formal_gpt-4o_rep1,S2,V3,3,formal,gpt-4o,1,0.3586,0.0,-0.4069,0.07498,0.9615,20,20,35,0.3931,0.0,0.5271,0.9684,0.4527
S2_V3_formal_gpt-4o_rep2,S2,V3,3,formal,gpt-4o,2,0.4363,0.0,-0.3087,0.185435,0.9231,20,20,30,0.5714,0.0,0.5608,0.8737,0.3607
S2_V3_formal_gpt-4o_rep3,S2,V3,3,formal,gpt-4o,3,0.2294,0.001451,-0.2374,0.313634,0.9615,20,20,31,0.2978,3e-05,0.5438,0.9789,0.3776
S2_V3_formal_gpt-4o_rep4,S2,V3,3,formal,gpt-4o,4,0.4699,0.0,-0.1355,0.569003,1.0,20,20,26,0.4993,0.0,0.4917,0.9263,0.3776
S3_V0_none_claude-sonnet_rep0,S3,V0,0,none,claude-sonnet,0,-0.0504,0.490112,0.1723,0.467498,1.0,20,20,41,0.033,0.650948,0.273,0.0,0.0
S3_V0_none_claude-sonnet_rep1,S3,V0,0,none,claude-sonnet,1,-0.0858,0.239316,-0.0582,0.807438,1.0,20,20,41,-0.0321,0.660134,0.2481,0.0,0.0
S3_V0_none_claude-sonnet_rep2,S3,V0,0,none,claude-sonnet,2,-0.0338,0.643766,0.2903,0.214454,1.0,20,20,41,-0.0944,0.19529,0.238,0.0,0.0
S3_V0_none_claude-sonnet_rep3,S3,V0,0,none,claude-sonnet,3,-0.026,0.721978,-0.0253,0.915577,1.0,20,20,41,0.0667,0.360508,0.2459,0.0737,0.0
S3_V0_none_claude-sonnet_rep4,S3,V0,0,none,claude-sonnet,4,-0.109,0.134361,-0.1017,0.669634,1.0,20,20,41,-0.0212,0.771812,0.2133,0.0632,0.0
S3_V0_none_gpt-4o_rep0,S3,V0,0,none,gpt-4o,0,-0.0076,0.916895,-0.2265,0.336987,1.0,20,20,41,0.1058,0.146297,0.243,0.0842,0.0
S3_V0_none_gpt-4o_rep1,S3,V0,0,none,gpt-4o,1,0.0105,0.885225,0.1864,0.431382,1.0,20,20,41,-0.021,0.773333,0.2244,0.1053,0.0
S3_V0_none_gpt-4o_rep2,S3,V0,0,none,gpt-4o,2,0.0746,0.306335,-0.0314,0.895512,1.0,20,20,41,-0.0755,0.300618,0.2069,0.0737,0.0
S3_V0_none_gpt-4o_rep3,S3,V0,0,none,gpt-4o,3,-0.0609,0.40358,0.1221,0.608026,1.0,20,20,41,-0.0484,0.507499,0.2242,0.0526,0.0
S3_V0_none_gpt-4o_rep4,S3,V0,0,none,gpt-4o,4,0.0232,0.751141,-0.0533,0.823371,1.0,20,20,41,0.0346,0.635674,0.2464,0.0632,0.0
S3_V1_none_claude-sonnet_rep0,S3,V1,1,none,claude-sonnet,0,0.2356,0.001064,-0.3495,0.130953,0.7407,19,20,25,0.2902,0.000118,0.4302,0.9368,0.0
S3_V1_none_claude-sonnet_rep1,S3,V1,1,none,claude-sonnet,1,0.2952,3.5e-05,0.0015,0.994942,0.6296,17,20,25,0.405,1e-06,0.4289,0.8737,0.0
S3_V1_none_claude-sonnet_rep2,S3,V1,1,none,claude-sonnet,2,0.2096,0.003701,-0.2816,0.229044,0.7407,19,20,25,0.1597,0.036963,0.4096,0.8105,0.0
S3_V1_none_claude-sonnet_rep3,S3,V1,1,none,claude-sonnet,3,0.1672,0.021146,-0.1748,0.461055,0.4815,18,20,21,0.2425,0.002528,0.4024,0.8947,0.0
S3_V1_none_claude-sonnet_rep4,S3,V1,1,none,claude-sonnet,4,0.2649,0.000222,-0.2443,0.299196,0.7037,18,20,24,0.2899,0.000278,0.4479,0.7158,0.0
S3_V1_none_gpt-4o_rep0,S3,V1,1,none,gpt-4o,0,0.3515,1e-06,0.1407,0.553964,0.8889,19,20,14,0.5396,0.0,0.4943,0.9263,0.0
S3_V1_none_gpt-4o_rep1,S3,V1,1,none,gpt-4o,1,0.5389,0.0,-0.0281,0.906228,0.9259,19,20,14,0.546,0.0,0.4064,0.7684,0.0
S3_V1_none_gpt-4o_rep2,S3,V1,1,none,gpt-4o,2,0.2961,3.4e-05,-0.0258,0.914064,0.8889,19,20,14,0.388,0.0,0.3886,0.8421,0.0
S3_V1_none_gpt-4o_rep3,S3,V1,1,none,gpt-4o,3,0.2662,0.000205,-0.1996,0.398784,0.6667,19,20,17,0.3489,3e-06,0.4402,0.8737,0.0
S3_V1_none_gpt-4o_rep4,S3,V1,1,none,gpt-4o,4,0.2318,0.001293,-0.0038,0.987345,0.8148,18,20,17,0.3271,3.7e-05,0.4213,0.9579,0.0
S3_V2_causal_claude-sonnet_rep0,S3,V2,2,causal,claude-sonnet,0,0.0631,0.386944,-0.3219,0.16638,0.9259,19,20,10,0.8265,0.0,0.4124,0.8947,0.4124
S3_V2_causal_claude-sonnet_rep1,S3,V2,2,causal,claude-sonnet,1,0.2099,0.003656,-0.1389,0.559318,0.963,20,20,11,0.0,1.0,0.0,0.9053,0.4017
S3_V2_causal_claude-sonnet_rep2,S3,V2,2,causal,claude-sonnet,2,0.0688,0.34538,-0.5836,0.006903,1.0,20,20,10,0.9788,0.0,0.3328,0.9789,0.432
S3_V2_causal_claude-sonnet_rep3,S3,V2,2,causal,claude-sonnet,3,0.0527,0.470479,-0.2549,0.278082,1.0,20,20,11,0.5679,0.0,0.3755,0.7579,0.375
S3_V2_causal_claude-sonnet_rep4,S3,V2,2,causal,claude-sonnet,4,0.228,0.001557,-0.142,0.550289,1.0,20,20,18,0.7286,0.0,0.3324,0.7368,0.3906
S3_V2_causal_gpt-4o_rep0,S3,V2,2,causal,gpt-4o,0,0.3414,1e-06,-0.1467,0.537139,0.9259,19,20,61,0.1402,0.067403,0.3753,1.0,0.4048
S3_V2_causal_gpt-4o_rep1,S3,V2,2,causal,gpt-4o,1,0.1974,0.006329,-0.4223,0.063625,1.0,20,20,70,-0.0285,0.695851,0.3417,0.9474,0.3713
S3_V2_causal_gpt-4o_rep2,S3,V2,2,causal,gpt-4o,2,0.2598,0.000294,-0.1242,0.601889,0.8889,20,20,36,0.3097,1.4e-05,0.3895,0.6947,0.3229
S3_V2_causal_gpt-4o_rep3,S3,V2,2,causal,gpt-4o,3,0.2781,0.000102,-0.224,0.342442,0.9259,20,20,45,0.196,0.006732,0.3793,0.8842,0.3863
S3_V2_causal_gpt-4o_rep4,S3,V2,2,causal,gpt-4o,4,0.3279,4e-06,-0.3764,0.101874,1.0,20,20,74,0.0715,0.326714,0.3841,0.9579,0.405
S3_V2_practical_claude-sonnet_rep0,S3,V2,2,practical,claude-sonnet,0,0.5038,0.0,0.0706,0.767368,0.7037,20,20,21,0.9506,0.0,0.2615,0.8632,0.502
S3_V2_practical_claude-sonnet_rep1,S3,V2,2,practical,claude-sonnet,1,0.4035,0.0,-0.2595,0.269212,0.9259,20,20,17,0.6023,0.0,0.3331,0.9684,0.4396
S3_V2_practical_claude-sonnet_rep2,S3,V2,2,practical,claude-sonnet,2,0.4384,0.0,-0.2079,0.379169,1.0,20,20,15,0.0,1.0,0.3089,0.9895,0.4642
S3_V2_practical_claude-sonnet_rep3,S3,V2,2,practical,claude-sonnet,3,0.2526,0.000437,-0.4209,0.06458,0.963,20,20,24,0.0,1.0,0.3029,0.9684,0.4336
S3_V2_practical_claude-sonnet_rep4,S3,V2,2,practical,claude-sonnet,4,0.0868,0.233924,-0.0162,0.946104,0.7778,20,20,19,0.0,1.0,0.3077,0.8316,0.5097
S3_V2_practical_gpt-4o_rep0,S3,V2,2,practical,gpt-4o,0,0.1517,0.036647,0.0597,0.802529,0.2963,20,20,32,0.1316,0.07035,0.3088,0.6632,0.4426
S3_V2_practical_gpt-4o_rep1,S3,V2,2,practical,gpt-4o,1,0.2753,0.000121,0.0794,0.739431,0.2963,20,20,43,0.2404,0.000836,0.2941,0.7579,0.4257
S3_V2_practical_gpt-4o_rep2,S3,V2,2,practical,gpt-4o,2,0.5963,0.0,-0.0072,0.976022,0.5185,20,20,24,0.2629,0.000248,0.3863,0.8316,0.3839
S3_V2_practical_gpt-4o_rep3,S3,V2,2,practical,gpt-4o,3,0.3885,0.0,0.0132,0.955844,0.1111,19,20,59,0.3094,3.8e-05,0.3888,0.9684,0.4065
S3_V2_practical_gpt-4o_rep4,S3,V2,2,practical,gpt-4o,4,0.6445,0.0,-0.2509,0.286066,0.8148,20,20,67,0.1914,0.00815,0.3527,0.9158,0.4384
S3_V2_historical_claude-sonnet_rep0,S3,V2,2,historical,claude-sonnet,0,0.1942,0.007259,-0.707,0.000491,0.3333,20,20,27,0.3093,1.4e-05,0.3642,0.8,0.4364
S3_V2_historical_claude-sonnet_rep1,S3,V2,2,historical,claude-sonnet,1,0.1354,0.062518,-0.7876,3.8e-05,0.3704,20,20,46,0.3168,8e-06,0.3308,0.9789,0.5581
S3_V2_historical_claude-sonnet_rep2,S3,V2,2,historical,claude-sonnet,2,0.0,1.0,0.0,1.0,1.0,20,20,8,0.0,1.0,0.3584,0.9789,0.5017
S3_V2_historical_claude-sonnet_rep3,S3,V2,2,historical,claude-sonnet,3,0.3051,1.9e-05,-0.6579,0.001618,0.963,20,20,27,0.9874,0.0,0.3217,0.8,0.4774
S3_V2_historical_claude-sonnet_rep4,S3,V2,2,historical,claude-sonnet,4,0.1806,0.012624,-0.5223,0.018154,0.4444,19,20,46,0.3037,5.4e-05,0.3044,0.8526,0.4657
S3_V2_historical_gpt-4o_rep0,S3,V2,2,historical,gpt-4o,0,0.281,8.6e-05,-0.341,0.141144,1.0,20,20,43,0.2962,3.3e-05,0.4431,0.9579,0.3658
S3_V2_historical_gpt-4o_rep1,S3,V2,2,historical,gpt-4o,1,0.3385,2e-06,-0.3771,0.101178,0.6667,20,20,42,0.2752,0.000121,0.4405,0.9474,0.3356
S3_V2_historical_gpt-4o_rep2,S3,V2,2,historical,gpt-4o,2,0.2506,0.000488,-0.2756,0.23952,0.9259,20,20,58,0.2933,4e-05,0.4486,0.9789,0.3143
S3_V2_historical_gpt-4o_rep3,S3,V2,2,historical,gpt-4o,3,0.3087,1.5e-05,-0.5609,0.01008,0.7407,20,20,42,0.2628,0.00025,0.3905,0.9368,0.3404
S3_V2_historical_gpt-4o_rep4,S3,V2,2,historical,gpt-4o,4,0.3226,6e-06,-0.3166,0.17376,0.9259,20,20,42,0.4557,0.0,0.4704,0.9368,0.3706
S3_V2_formal_claude-sonnet_rep0,S3,V2,2,formal,claude-sonnet,0,-0.0417,0.5681,0.1157,0.627008,1.0,20,20,18,0.6677,0.0,0.4114,0.9684,0.4832
S3_V2_formal_claude-sonnet_rep1,S3,V2,2,formal,claude-sonnet,1,0.0,1.0,0.0,1.0,1.0,20,20,17,0.0,1.0,0.3461,0.7263,0.5716
S3_V2_formal_claude-sonnet_rep2,S3,V2,2,formal,claude-sonnet,2,0.0393,0.589943,0.3028,0.194421,1.0,20,20,21,0.8802,0.0,0.3917,0.9158,0.5302
S3_V2_formal_claude-sonnet_rep3,S3,V2,2,formal,claude-sonnet,3,0.0,1.0,0.0,1.0,1.0,20,20,22,0.0,1.0,0.3586,0.8526,0.4293
S3_V2_formal_claude-sonnet_rep4,S3,V2,2,formal,claude-sonnet,4,-0.0669,0.35919,0.3995,0.080995,1.0,20,20,15,0.0,1.0,0.2524,0.8316,0.5236
S3_V2_formal_gpt-4o_rep0,S3,V2,2,formal,gpt-4o,0,0.0,1.0,0.0,1.0,1.0,20,20,24,0.0,1.0,0.423,0.5789,0.4304
S3_V2_formal_gpt-4o_rep1,S3,V2,2,formal,gpt-4o,1,0.0,1.0,0.0,1.0,1.0,20,20,29,0.0,1.0,0.3909,0.8105,0.4148
S3_V2_formal_gpt-4o_rep2,S3,V2,2,formal,gpt-4o,2,0.2083,0.003935,-0.3948,0.084933,0.963,20,20,36,0.2688,0.000177,0.3559,0.9053,0.4791
S3_V2_formal_gpt-4o_rep3,S3,V2,2,formal,gpt-4o,3,0.2021,0.005179,-0.3948,0.084933,1.0,20,20,35,0.2456,0.000637,0.3192,0.7684,0.4708
S3_V2_formal_gpt-4o_rep4,S3,V2,2,formal,gpt-4o,4,0.1752,0.015608,-0.3948,0.084933,1.0,20,20,41,0.1967,0.006516,0.3749,0.9789,0.4485
S3_V3_causal_claude-sonnet_rep0,S3,V3,3,causal,claude-sonnet,0,0.2349,0.001108,-0.2495,0.288707,0.9259,20,20,34,0.0724,0.320604,0.3659,0.8947,0.3683
S3_V3_causal_claude-sonnet_rep1,S3,V3,3,causal,claude-sonnet,1,0.272,0.000147,-0.1781,0.452484,0.7407,17,20,38,0.4547,0.0,0.3638,0.9789,0.3368
S3_V3_causal_claude-sonnet_rep2,S3,V3,3,causal,claude-sonnet,2,0.1851,0.010552,-0.1166,0.62432,1.0,20,20,21,0.2755,0.00012,0.354,0.7579,0.3036
S3_V3_causal_claude-sonnet_rep3,S3,V3,3,causal,claude-sonnet,3,0.2469,0.000594,-0.1383,0.561017,0.6296,16,20,22,0.5007,0.0,0.3825,0.7789,0.3289
S3_V3_causal_claude-sonnet_rep4,S3,V3,3,causal,claude-sonnet,4,0.2474,0.000579,-0.1341,0.57309,0.9259,19,20,33,0.3632,1e-06,0.3681,0.9789,0.3703
S3_V3_causal_gpt-4o_rep0,S3,V3,3,causal,gpt-4o,0,0.2018,0.005243,-0.235,0.318587,0.963,20,20,25,0.4442,0.0,0.4335,0.8737,0.3374
S3_V3_causal_gpt-4o_rep1,S3,V3,3,causal,gpt-4o,1,0.2985,2.9e-05,-0.2178,0.356207,0.963,20,20,32,0.3181,8e-06,0.4288,0.9368,0.2501
S3_V3_causal_gpt-4o_rep2,S3,V3,3,causal,gpt-4o,2,0.3203,7e-06,-0.0156,0.94791,0.963,19,20,35,0.3722,1e-06,0.4024,0.9474,0.2586
S3_V3_causal_gpt-4o_rep3,S3,V3,3,causal,gpt-4o,3,0.1936,0.007458,-0.186,0.432296,0.963,20,20,28,0.4699,0.0,0.4812,0.7474,0.3269
S3_V3_causal_gpt-4o_rep4,S3,V3,3,causal,gpt-4o,4,0.2795,9.4e-05,-0.042,0.860396,0.8519,19,20,36,0.3104,3.6e-05,0.4231,0.9053,0.3143
S3_V3_practical_claude-sonnet_rep0,S3,V3,3,practical,claude-sonnet,0,0.0695,0.340948,-0.1655,0.485702,0.4074,14,20,45,0.6099,0.0,0.2865,0.8316,0.3545
S3_V3_practical_claude-sonnet_rep1,S3,V3,3,practical,claude-sonnet,1,0.2236,0.001932,0.0186,0.938115,0.9259,20,20,39,0.4957,0.0,0.2941,0.8947,0.3464
S3_V3_practical_claude-sonnet_rep2,S3,V3,3,practical,claude-sonnet,2,0.2567,0.000351,-0.1714,0.469872,0.7778,19,20,37,0.4342,0.0,0.3502,0.8947,0.3021
S3_V3_practical_claude-sonnet_rep3,S3,V3,3,practical,claude-sonnet,3,0.183,0.011517,-0.0302,0.899295,0.5185,16,20,41,0.5225,0.0,0.3587,0.9158,0.3713
S3_V3_practical_claude-sonnet_rep4,S3,V3,3,practical,claude-sonnet,4,0.229,0.001484,-0.2333,0.322218,0.7778,20,20,52,0.3416,1e-06,0.3656,0.6421,0.367
S3_V3_practical_gpt-4o_rep0,S3,V3,3,practical,gpt-4o,0,0.2674,0.000192,0.4149,0.068939,0.7037,17,20,30,0.513,0.0,0.3725,0.7684,0.3904
S3_V3_practical_gpt-4o_rep1,S3,V3,3,practical,gpt-4o,1,0.2442,0.000685,0.0928,0.697033,0.7407,18,20,39,0.3837,1e-06,0.4703,0.8421,0.3144
S3_V3_practical_gpt-4o_rep2,S3,V3,3,practical,gpt-4o,2,0.2335,0.001187,0.5849,0.00675,0.7037,18,20,24,0.4606,0.0,0.2884,0.9263,0.3234
S3_V3_practical_gpt-4o_rep3,S3,V3,3,practical,gpt-4o,3,0.3507,1e-06,0.3535,0.126216,0.6667,18,20,32,0.6497,0.0,0.3734,0.9474,0.3919
S3_V3_practical_gpt-4o_rep4,S3,V3,3,practical,gpt-4o,4,0.2239,0.0019,0.2421,0.303807,0.4074,15,20,36,0.0764,0.438747,0.4043,0.7368,0.3451
S3_V3_historical_claude-sonnet_rep0,S3,V3,3,historical,claude-sonnet,0,0.0385,0.597643,-0.5861,0.006615,0.4815,20,20,73,0.1133,0.11957,0.3496,0.6842,0.3848
S3_V3_historical_claude-sonnet_rep1,S3,V3,3,historical,claude-sonnet,1,0.2095,0.003724,-0.4718,0.035724,0.5926,19,20,53,0.177,0.020543,0.328,0.8947,0.3651
S3_V3_historical_claude-sonnet_rep2,S3,V3,3,historical,claude-sonnet,2,0.2292,0.001467,-0.3212,0.167275,1.0,20,20,35,0.5369,0.0,0.4567,0.7895,0.3139
S3_V3_historical_claude-sonnet_rep3,S3,V3,3,historical,claude-sonnet,3,0.2593,0.000304,-0.0222,0.926149,0.8519,18,20,42,0.6532,0.0,0.3654,0.7158,0.4049
S3_V3_historical_claude-sonnet_rep4,S3,V3,3,historical,claude-sonnet,4,0.1879,0.009444,-0.4014,0.079381,0.6296,18,20,52,0.0589,0.469381,0.3759,0.9579,0.3804
S3_V3_historical_gpt-4o_rep0,S3,V3,3,historical,gpt-4o,0,0.3113,1.2e-05,0.077,0.747011,0.7778,19,20,27,0.4476,0.0,0.4096,0.9895,0.3861
S3_V3_historical_gpt-4o_rep1,S3,V3,3,historical,gpt-4o,1,0.2035,0.004859,-0.3183,0.171372,0.5185,19,20,44,0.2826,0.000181,0.4703,0.9368,0.2634
S3_V3_historical_gpt-4o_rep2,S3,V3,3,historical,gpt-4o,2,0.3639,0.0,-0.0531,0.824214,0.963,19,20,33,0.2285,0.002644,0.424,0.9474,0.3402
S3_V3_historical_gpt-4o_rep3,S3,V3,3,historical,gpt-4o,3,0.1388,0.056116,-0.0931,0.696097,0.8519,20,20,41,0.3216,6e-06,0.4693,0.9684,0.3631
S3_V3_historical_gpt-4o_rep4,S3,V3,3,historical,gpt-4o,4,0.2433,0.000719,-0.0409,0.864135,0.8889,19,20,37,0.377,0.0,0.4303,0.7579,0.3364
S3_V3_formal_claude-sonnet_rep0,S3,V3,3,formal,claude-sonnet,0,0.0033,0.963633,0.2759,0.238976,0.8519,19,20,27,0.9425,0.0,0.2805,0.8947,0.4832
S3_V3_formal_claude-sonnet_rep1,S3,V3,3,formal,claude-sonnet,1,0.1172,0.107209,-0.283,0.226683,0.6667,15,20,30,1.0,0.0,0.3436,0.9789,0.4287
S3_V3_formal_claude-sonnet_rep2,S3,V3,3,formal,claude-sonnet,2,0.0,1.0,0.0,1.0,1.0,20,20,40,0.0,1.0,0.2488,0.8842,0.4728
S3_V3_formal_claude-sonnet_rep3,S3,V3,3,formal,claude-sonnet,3,0.0544,0.455799,-0.303,0.19401,1.0,20,20,26,0.9454,0.0,0.2837,0.9579,0.5806
S3_V3_formal_claude-sonnet_rep4,S3,V3,3,formal,claude-sonnet,4,0.1133,0.119452,-0.3536,0.126117,0.6667,17,20,36,-0.0313,0.71736,0.354,0.7789,0.5018
S3_V3_formal_gpt-4o_rep0,S3,V3,3,formal,gpt-4o,0,0.4495,0.0,-0.4128,0.070504,0.8519,19,20,32,0.7992,0.0,0.3395,0.9684,0.5541
S3_V3_formal_gpt-4o_rep1,S3,V3,3,formal,gpt-4o,1,0.1804,0.012748,0.3649,0.113639,1.0,20,20,31,0.4212,0.0,0.4008,0.9895,0.4515
S3_V3_formal_gpt-4o_rep2,S3,V3,3,formal,gpt-4o,2,0.3882,0.0,0.1687,0.477107,0.9259,20,20,27,0.4113,0.0,0.3905,0.9684,0.3841
S3_V3_formal_gpt-4o_rep3,S3,V3,3,formal,gpt-4o,3,0.3529,1e-06,-0.4948,0.026541,0.7778,19,20,28,0.6185,0.0,0.3866,0.8737,0.5338
S3_V3_formal_gpt-4o_rep4,S3,V3,3,formal,gpt-4o,4,0.3767,0.0,-0.4683,0.037308,0.8519,19,20,36,0.6751,0.0,0.3414,0.7789,0.5283
S4_V0_none_claude-sonnet_rep0,S4,V0,0,none,claude-sonnet,0,0.1035,0.155471,0.148,0.533575,1.0,20,20,41,0.1901,0.008596,0.3686,0.5474,0.0
S4_V0_none_claude-sonnet_rep1,S4,V0,0,none,claude-sonnet,1,-0.0392,0.591221,0.2799,0.232084,1.0,20,20,41,0.0256,0.725703,0.2961,0.5789,0.0
S4_V0_none_claude-sonnet_rep2,S4,V0,0,none,claude-sonnet,2,0.1974,0.006325,-0.3088,0.185249,1.0,20,20,41,0.1902,0.008564,0.3276,0.2105,0.0
S4_V0_none_claude-sonnet_rep3,S4,V0,0,none,claude-sonnet,3,0.0647,0.375188,0.0095,0.968249,1.0,20,20,41,0.0079,0.914129,0.3414,0.4421,0.0
S4_V0_none_claude-sonnet_rep4,S4,V0,0,none,claude-sonnet,4,0.1283,0.077707,-0.155,0.514025,1.0,20,20,41,-0.0504,0.490106,0.3344,0.2316,0.0
S4_V0_none_gpt-4o_rep0,S4,V0,0,none,gpt-4o,0,-0.0024,0.973342,0.141,0.553182,1.0,20,20,41,0.0363,0.619065,0.356,0.5158,0.0
S4_V0_none_gpt-4o_rep1,S4,V0,0,none,gpt-4o,1,0.0672,0.356899,-0.1275,0.592115,1.0,20,20,41,0.0574,0.431746,0.3052,0.4842,0.0
S4_V0_none_gpt-4o_rep2,S4,V0,0,none,gpt-4o,2,0.1239,0.08852,0.068,0.775758,1.0,20,20,41,0.1485,0.040862,0.3377,0.7053,0.0
S4_V0_none_gpt-4o_rep3,S4,V0,0,none,gpt-4o,3,0.166,0.02208,-0.2541,0.279692,1.0,20,20,41,0.1192,0.101293,0.3371,0.3263,0.0
S4_V0_none_gpt-4o_rep4,S4,V0,0,none,gpt-4o,4,0.1409,0.052443,-0.0751,0.753083,1.0,20,20,41,0.2993,2.7e-05,0.3402,0.4105,0.0
S4_V1_none_claude-sonnet_rep0,S4,V1,1,none,claude-sonnet,0,0.2719,0.000147,-0.3205,0.168334,0.8889,19,20,19,0.6135,0.0,0.4484,0.8842,0.0
S4_V1_none_claude-sonnet_rep1,S4,V1,1,none,claude-sonnet,1,0.2555,0.000375,-0.3447,0.136698,0.9259,20,20,18,0.6394,0.0,0.4937,0.8421,0.0
S4_V1_none_claude-sonnet_rep2,S4,V1,1,none,claude-sonnet,2,0.1735,0.016682,-0.3759,0.102375,0.9259,20,20,4,0.7987,0.0,0.3438,0.9789,0.0
S4_V1_none_claude-sonnet_rep3,S4,V1,1,none,claude-sonnet,3,0.0,1.0,0.0,1.0,1.0,20,20,1,0.0,1.0,0.0,0.9263,0.0
S4_V1_none_claude-sonnet_rep4,S4,V1,1,none,claude-sonnet,4,0.0,1.0,0.0,1.0,1.0,20,20,1,0.0,1.0,0.0,0.9474,0.0
S4_V1_none_gpt-4o_rep0,S4,V1,1,none,gpt-4o,0,0.202,0.005197,-0.3469,0.134037,0.8889,19,20,20,0.4066,0.0,0.4893,0.8842,0.0
S4_V1_none_gpt-4o_rep1,S4,V1,1,none,gpt-4o,1,0.1734,0.016728,-0.3685,0.109868,0.8889,19,20,22,0.3657,1e-06,0.5471,0.8421,0.0
S4_V1_none_gpt-4o_rep2,S4,V1,1,none,gpt-4o,2,0.1946,0.007144,-0.3483,0.13235,1.0,20,20,17,0.5006,0.0,0.4907,0.9579,0.0
S4_V1_none_gpt-4o_rep3,S4,V1,1,none,gpt-4o,3,0.1564,0.03115,-0.2788,0.233961,0.963,20,20,19,0.3143,1e-05,0.4772,0.8632,0.0
S4_V1_none_gpt-4o_rep4,S4,V1,1,none,gpt-4o,4,0.199,0.005908,-0.3363,0.147185,0.9259,20,20,17,0.5733,0.0,0.482,0.8105,0.0
S4_V2_causal_claude-sonnet_rep0,S4,V2,2,causal,claude-sonnet,0,0.268,0.000186,-0.2725,0.245108,1.0,20,20,36,0.3569,0.0,0.4076,0.8737,0.463
S4_V2_causal_claude-sonnet_rep1,S4,V2,2,causal,claude-sonnet,1,0.289,5.3e-05,-0.3381,0.144866,1.0,20,20,27,0.5075,0.0,0.4671,0.9895,0.5333
S4_V2_causal_claude-sonnet_rep2,S4,V2,2,causal,claude-sonnet,2,0.2516,0.000462,-0.305,0.19107,1.0,20,20,26,0.5451,0.0,0.5478,0.9789,0.4567
S4_V2_causal_claude-sonnet_rep3,S4,V2,2,causal,claude-sonnet,3,0.1684,0.0202,-0.339,0.143691,1.0,20,20,11,0.9558,0.0,0.416,0.9579,0.4465
S4_V2_causal_claude-sonnet_rep4,S4,V2,2,causal,claude-sonnet,4,0.1094,0.132921,-0.4466,0.048386,1.0,20,20,10,0.9762,0.0,0.4456,0.9158,0.5125
S4_V2_causal_gpt-4o_rep0,S4,V2,2,causal,gpt-4o,0,0.1869,0.009833,-0.3539,0.125777,1.0,20,20,49,0.5286,0.0,0.3555,1.0,0.2766
S4_V2_causal_gpt-4o_rep1,S4,V2,2,causal,gpt-4o,1,0.2089,0.003818,-0.3539,0.125777,1.0,20,20,63,0.5297,0.0,0.4124,0.9579,0.2851
S4_V2_causal_gpt-4o_rep2,S4,V2,2,causal,gpt-4o,2,0.2972,3.1e-05,-0.2555,0.276927,1.0,20,20,62,0.5199,0.0,0.4303,0.9368,0.2444
S4_V2_causal_gpt-4o_rep3,S4,V2,2,causal,gpt-4o,3,0.254,0.000406,-0.226,0.337969,1.0,20,20,63,0.497,0.0,0.4233,0.8632,0.3035
S4_V2_causal_gpt-4o_rep4,S4,V2,2,causal,gpt-4o,4,0.2044,0.004671,-0.3327,0.151769,0.963,20,20,57,0.368,0.0,0.4161,0.9789,0.2049
S4_V2_practical_claude-sonnet_rep0,S4,V2,2,practical,claude-sonnet,0,0.382,0.0,-0.2005,0.39664,1.0,20,20,20,0.0,1.0,0.2329,1.0,0.4751
S4_V2_practical_claude-sonnet_rep1,S4,V2,2,practical,claude-sonnet,1,-0.0934,0.199733,0.5096,0.021734,0.8519,20,20,29,0.102,0.161585,0.2885,0.8737,0.5211
S4_V2_practical_claude-sonnet_rep2,S4,V2,2,practical,claude-sonnet,2,0.1685,0.020097,0.1155,0.627828,0.8889,19,20,19,0.1891,0.01323,0.4665,0.7263,0.4329
S4_V2_practical_claude-sonnet_rep3,S4,V2,2,practical,claude-sonnet,3,-0.1106,0.128633,0.4704,0.036359,0.963,20,20,22,0.3393,2e-06,0.3317,0.8316,0.4951
S4_V2_practical_claude-sonnet_rep4,S4,V2,2,practical,claude-sonnet,4,-0.0978,0.179269,0.423,0.063154,0.963,20,20,23,0.0,1.0,0.2687,0.9789,0.4776
S4_V2_practical_gpt-4o_rep0,S4,V2,2,practical,gpt-4o,0,0.1027,0.158731,0.1324,0.57805,0.7778,20,20,39,0.3193,7e-06,0.4366,0.8,0.3284
S4_V2_practical_gpt-4o_rep1,S4,V2,2,practical,gpt-4o,1,-0.0789,0.279032,0.5586,0.010459,0.7407,20,20,51,-0.0681,0.350594,0.4284,0.9789,0.4121
S4_V2_practical_gpt-4o_rep2,S4,V2,2,practical,gpt-4o,2,0.1111,0.126854,0.0152,0.949179,0.8889,20,20,34,0.2209,0.002188,0.4231,0.8947,0.3903
S4_V2_practical_gpt-4o_rep3,S4,V2,2,practical,gpt-4o,3,-0.0413,0.571877,0.4431,0.050388,1.0,20,20,45,0.0906,0.213824,0.2667,0.9684,0.4842
S4_V2_practical_gpt-4o_rep4,S4,V2,2,practical,gpt-4o,4,0.1386,0.056463,0.18,0.447555,0.5926,20,20,51,0.1274,0.079721,0.3572,0.8737,0.2909
S4_V2_historical_claude-sonnet_rep0,S4,V2,2,historical,claude-sonnet,0,0.0151,0.836274,0.2874,0.219273,1.0,20,20,13,0.9598,0.0,0.4747,0.9158,0.511
S4_V2_historical_claude-sonnet_rep1,S4,V2,2,historical,claude-sonnet,1,0.0706,0.332904,-0.0668,0.779526,1.0,20,20,14,0.9529,0.0,0.5164,0.9263,0.5388
S4_V2_historical_claude-sonnet_rep2,S4,V2,2,historical,claude-sonnet,2,-0.3359,2e-06,0.381,0.09746,1.0,20,20,14,0.0,1.0,0.4647,0.9474,0.5037
S4_V2_historical_claude-sonnet_rep3,S4,V2,2,historical,claude-sonnet,3,0.4715,0.0,-0.0826,0.729158,0.6296,20,20,32,0.2396,0.000868,0.4014,0.9579,0.4853
S4_V2_historical_claude-sonnet_rep4,S4,V2,2,historical,claude-sonnet,4,0.3825,0.0,-0.0072,0.975876,0.8519,20,20,27,0.5115,0.0,0.4663,0.9263,0.5413
S4_V2_historical_gpt-4o_rep0,S4,V2,2,historical,gpt-4o,0,0.2068,0.004198,-0.3667,0.111712,0.9259,20,20,43,0.4738,0.0,0.5427,0.9579,0.2342
S4_V2_historical_gpt-4o_rep1,S4,V2,2,historical,gpt-4o,1,0.2096,0.003708,-0.3525,0.127366,0.9259,20,20,44,0.2861,6.3e-05,0.4961,0.8211,0.2426
S4_V2_historical_gpt-4o_rep2,S4,V2,2,historical,gpt-4o,2,0.3186,7e-06,-0.2699,0.249787,0.8148,20,20,44,0.3699,0.0,0.4785,0.7895,0.2466
S4_V2_historical_gpt-4o_rep3,S4,V2,2,historical,gpt-4o,3,0.3315,3e-06,-0.0895,0.707595,0.8519,20,20,46,0.2373,0.000979,0.4782,0.8211,0.2747
S4_V2_historical_gpt-4o_rep4,S4,V2,2,historical,gpt-4o,4,0.2178,0.002537,-0.3321,0.152588,0.8519,20,20,44,0.2176,0.002561,0.4734,0.9895,0.1983
S4_V2_formal_claude-sonnet_rep0,S4,V2,2,formal,claude-sonnet,0,0.2639,0.000234,-0.1248,0.600075,0.963,20,20,30,0.0,1.0,0.4247,0.8947,0.4775
S4_V2_formal_claude-sonnet_rep1,S4,V2,2,formal,claude-sonnet,1,0.1594,0.028071,-0.3223,0.165827,0.963,20,20,13,0.0,1.0,0.0,0.8632,0.5096
S4_V2_formal_claude-sonnet_rep2,S4,V2,2,formal,claude-sonnet,2,0.1048,0.14999,-0.1866,0.43091,1.0,20,20,16,0.0,1.0,0.3586,0.6316,0.4137
S4_V2_formal_claude-sonnet_rep3,S4,V2,2,formal,claude-sonnet,3,0.217,0.00263,-0.1051,0.659252,0.963,20,20,21,0.0,1.0,0.4111,0.9053,0.4002
S4_V2_formal_claude-sonnet_rep4,S4,V2,2,formal,claude-sonnet,4,0.1127,0.121634,-0.295,0.206767,0.8519,19,20,20,0.0,1.0,0.3488,0.9474,0.4812
S4_V2_formal_gpt-4o_rep0,S4,V2,2,formal,gpt-4o,0,0.2275,0.001595,-0.2827,0.227179,1.0,20,20,51,0.4198,0.0,0.4596,0.9684,0.1991
S4_V2_formal_gpt-4o_rep1,S4,V2,2,formal,gpt-4o,1,0.157,0.030572,-0.261,0.26635,1.0,20,20,32,0.4916,0.0,0.5028,0.7895,0.2158
S4_V2_formal_gpt-4o_rep2,S4,V2,2,formal,gpt-4o,2,0.1743,0.016163,-0.3397,0.142873,0.8889,20,20,54,0.3932,0.0,0.4721,0.9053,0.1993
S4_V2_formal_gpt-4o_rep3,S4,V2,2,formal,gpt-4o,3,0.1757,0.015341,-0.3313,0.153584,1.0,20,20,50,0.4148,0.0,0.4408,0.9263,0.2611
S4_V2_formal_gpt-4o_rep4,S4,V2,2,formal,gpt-4o,4,0.2121,0.003301,-0.3335,0.150772,1.0,20,20,49,0.3509,1e-06,0.4362,0.9789,0.1694
S4_V3_causal_claude-sonnet_rep0,S4,V3,3,causal,claude-sonnet,0,0.1345,0.064362,-0.1444,0.543536,0.7778,18,20,43,0.7076,0.0,0.3712,0.7684,0.4518
S4_V3_causal_claude-sonnet_rep1,S4,V3,3,causal,claude-sonnet,1,0.2274,0.001603,-0.2235,0.343637,0.8148,19,20,53,0.2882,0.000132,0.3963,0.9263,0.4628
S4_V3_causal_claude-sonnet_rep2,S4,V3,3,causal,claude-sonnet,2,0.0982,0.177502,-0.2005,0.39677,0.6667,17,20,41,0.166,0.053454,0.4209,0.9368,0.4559
S4_V3_causal_claude-sonnet_rep3,S4,V3,3,causal,claude-sonnet,3,0.0974,0.181036,0.0829,0.728273,0.7778,16,20,26,0.7001,0.0,0.4799,0.9684,0.4606
S4_V3_causal_claude-sonnet_rep4,S4,V3,3,causal,claude-sonnet,4,0.1356,0.062112,-0.2641,0.260585,0.8148,18,20,49,0.4583,0.0,0.4623,0.8316,0.4529
S4_V3_causal_gpt-4o_rep0,S4,V3,3,causal,gpt-4o,0,0.1242,0.087674,-0.2623,0.263851,0.8889,19,20,66,0.3319,9e-06,0.4476,0.9053,0.2631
S4_V3_causal_gpt-4o_rep1,S4,V3,3,causal,gpt-4o,1,0.1977,0.006263,-0.3464,0.134634,0.9259,20,20,58,0.4299,0.0,0.4984,0.5474,0.2482
S4_V3_causal_gpt-4o_rep2,S4,V3,3,causal,gpt-4o,2,0.1617,0.02585,-0.2757,0.239375,0.8889,19,20,70,0.4783,0.0,0.4761,0.9895,0.2234
S4_V3_causal_gpt-4o_rep3,S4,V3,3,causal,gpt-4o,3,0.1713,0.018127,-0.3228,0.16505,0.9259,20,20,58,0.4096,0.0,0.4662,0.8,0.1946
S4_V3_causal_gpt-4o_rep4,S4,V3,3,causal,gpt-4o,4,0.1502,0.038563,-0.292,0.211573,0.9259,20,20,67,0.3221,6e-06,0.4688,0.6632,0.2772
S4_V3_practical_claude-sonnet_rep0,S4,V3,3,practical,claude-sonnet,0,-0.0712,0.328862,0.5476,0.012438,0.5185,13,20,20,0.9158,0.0,0.3986,0.9684,0.3733
S4_V3_practical_claude-sonnet_rep1,S4,V3,3,practical,claude-sonnet,1,-0.0673,0.356203,0.6852,0.000857,0.6296,14,20,24,0.6845,0.0,0.3399,0.9895,0.4056
S4_V3_practical_claude-sonnet_rep2,S4,V3,3,practical,claude-sonnet,2,0.0267,0.714663,0.4186,0.066232,0.4815,11,20,22,0.9567,0.0,0.2505,0.8105,0.3853
S4_V3_practical_claude-sonnet_rep3,S4,V3,3,practical,claude-sonnet,3,-0.0414,0.570755,0.3292,0.156423,0.4444,10,20,20,0.4233,0.003761,0.4209,0.8842,0.4166
S4_V3_practical_claude-sonnet_rep4,S4,V3,3,practical,claude-sonnet,4,0.0306,0.675631,0.5291,0.016447,0.5556,14,20,28,0.4175,0.000488,0.2477,0.8737,0.45
S4_V3_practical_gpt-4o_rep0,S4,V3,3,practical,gpt-4o,0,-0.1336,0.066161,0.733,0.000236,0.5926,18,20,35,0.1698,0.035883,0.2938,0.8737,0.5148
S4_V3_practical_gpt-4o_rep1,S4,V3,3,practical,gpt-4o,1,0.0669,0.358865,0.3034,0.193484,0.8148,18,20,37,0.2626,0.001039,0.2869,0.9474,0.39
S4_V3_practical_gpt-4o_rep2,S4,V3,3,practical,gpt-4o,2,0.2308,0.001354,-0.1567,0.50933,0.8519,20,20,45,0.6458,0.0,0.2791,0.9789,0.3138
S4_V3_practical_gpt-4o_rep3,S4,V3,3,practical,gpt-4o,3,0.0562,0.440848,0.1606,0.498796,0.5926,17,20,36,0.5805,0.0,0.286,0.9474,0.3265
S4_V3_practical_gpt-4o_rep4,S4,V3,3,practical,gpt-4o,4,0.0669,0.35895,0.0749,0.753691,0.5556,15,20,32,0.5047,0.0,0.297,0.9579,0.4313
S4_V3_historical_claude-sonnet_rep0,S4,V3,3,historical,claude-sonnet,0,0.1334,0.066596,0.1319,0.579413,0.7037,16,20,46,0.2717,0.002685,0.411,0.9368,0.4589
S4_V3_historical_claude-sonnet_rep1,S4,V3,3,historical,claude-sonnet,1,-0.0036,0.960777,0.0524,0.826436,0.6667,16,20,50,0.3546,7.1e-05,0.4651,0.7895,0.4521
S4_V3_historical_claude-sonnet_rep2,S4,V3,3,historical,claude-sonnet,2,0.0938,0.19819,0.3294,0.156168,0.5926,15,20,30,0.3869,4.6e-05,0.4109,0.7789,0.4728
S4_V3_historical_claude-sonnet_rep3,S4,V3,3,historical,claude-sonnet,3,0.2294,0.001457,0.0004,0.998727,0.7407,18,20,52,0.447,0.0,0.4307,0.9263,0.4631
S4_V3_historical_claude-sonnet_rep4,S4,V3,3,historical,claude-sonnet,4,-0.0756,0.29985,0.1978,0.403198,0.3704,12,20,40,0.5115,1.1e-05,0.4456,0.7895,0.5009
S4_V3_historical_gpt-4o_rep0,S4,V3,3,historical,gpt-4o,0,0.2054,0.004461,-0.3177,0.172294,0.7778,19,20,65,0.3482,3e-06,0.4801,0.7368,0.2287
S4_V3_historical_gpt-4o_rep1,S4,V3,3,historical,gpt-4o,1,0.1966,0.006564,-0.3383,0.144619,0.7778,19,20,65,0.3527,2e-06,0.4757,0.8737,0.2066
S4_V3_historical_gpt-4o_rep2,S4,V3,3,historical,gpt-4o,2,0.1854,0.010429,-0.2477,0.292339,0.8148,19,20,26,0.4893,0.0,0.4356,0.8737,0.2009
S4_V3_historical_gpt-4o_rep3,S4,V3,3,historical,gpt-4o,3,0.2008,0.005468,-0.3428,0.138952,0.8148,19,20,69,0.3666,1e-06,0.4298,0.6632,0.1632
S4_V3_historical_gpt-4o_rep4,S4,V3,3,historical,gpt-4o,4,0.2321,0.001274,-0.3161,0.174618,0.8519,19,20,26,0.4245,0.0,0.4591,0.6421,0.2417
S4_V3_formal_claude-sonnet_rep0,S4,V3,3,formal,claude-sonnet,0,-0.0446,0.540974,-0.0255,0.915155,0.7778,18,20,35,0.6637,0.0,0.4125,0.9474,0.3948
S4_V3_formal_claude-sonnet_rep1,S4,V3,3,formal,claude-sonnet,1,0.0837,0.250724,0.045,0.85063,0.8519,19,20,42,0.4299,0.0,0.4073,0.9684,0.3887
S4_V3_formal_claude-sonnet_rep2,S4,V3,3,formal,claude-sonnet,2,-0.0183,0.801829,0.0551,0.817573,0.6296,15,20,27,0.7469,0.0,0.3786,0.8526,0.3843
S4_V3_formal_claude-sonnet_rep3,S4,V3,3,formal,claude-sonnet,3,-0.0001,0.998967,-0.1523,0.521645,0.7407,18,20,46,0.2286,0.004476,0.4558,0.7263,0.3649
S4_V3_formal_claude-sonnet_rep4,S4,V3,3,formal,claude-sonnet,4,0.1849,0.01066,-0.1561,0.511062,0.8519,20,20,39,0.3779,0.0,0.4759,0.6947,0.4103
S4_V3_formal_gpt-4o_rep0,S4,V3,3,formal,gpt-4o,0,0.1332,0.067011,-0.2607,0.266884,0.7778,18,20,58,0.349,1e-05,0.4331,0.7579,0.2282
S4_V3_formal_gpt-4o_rep1,S4,V3,3,formal,gpt-4o,1,0.2657,0.000212,-0.2319,0.325308,0.963,20,20,52,0.5966,0.0,0.4599,0.8947,0.2136
S4_V3_formal_gpt-4o_rep2,S4,V3,3,formal,gpt-4o,2,0.1908,0.008373,-0.3601,0.118825,1.0,20,20,51,0.4816,0.0,0.4837,1.0,0.2005
S4_V3_formal_gpt-4o_rep3,S4,V3,3,formal,gpt-4o,3,0.1907,0.008418,-0.3442,0.137256,0.8519,19,20,57,0.393,0.0,0.4266,0.9368,0.1685
S4_V3_formal_gpt-4o_rep4,S4,V3,3,formal,gpt-4o,4,0.1411,0.052177,-0.2576,0.272881,0.8148,18,20,57,0.4245,0.0,0.4641,0.9053,0.2356
